scenario,calls,pct_of_total,proxy_resolution_rate,true_resolution_rate,proxy_true_gap_rate,credit_applied_rate,bandaid_rate,detection_density_avg,trust_score_avg,outcome_risk_avg,scripted_rate,resolution_gap,scenario_dov
loyalty_offer_missed,23350,17.49,0.9292933618843683,0.13794432548179872,0.8029978586723768,0.8803426124197002,0.8803426124197002,0.044796573875803,49.09473490364026,0.46203211991434684,0.0,0.7913,0.814647
gamed_metric,28678,21.48,0.8821396192203083,0.18240463072738686,0.722295836529744,0.0,0.0,0.24812449563129527,64.08398667968478,0.389723830113676,1.0,0.6997,0.744857
activation_failed,6939,5.2,0.44602968727482345,0.07637988182735264,0.41418071768266324,0.8939328433491858,0.0,0.08381199431783089,73.127186914541,0.5594466061392132,0.0,0.3696,0.458712
unresolvable_clean,15590,11.68,0.5535599743425272,0.11622835150737652,0.48928800513149456,0.8504169339320077,0.0,0.012718775772015028,73.28966388710712,0.48757536882617064,0.0,0.4373,0.541244
line_add_legitimate,6561,4.91,0.9007773205304069,0.9158664837677183,0.07620789513793629,0.0,0.0,0.010582010582010583,95.23454656302393,0.06455570797134583,0.0,-0.0151,0.167505
clean,45122,33.79,0.9046806435884934,0.9912016311333718,0.008044856167723062,0.35461637338770446,0.0,0.006148410341486888,96.40977217321928,0.044627897699570054,0.0,-0.0865,0.102611
activation_clean,7277,5.45,0.9319774632403462,0.953689707296963,0.043561907379414594,0.0,0.0,0.0044955731364965945,96.57583207365673,0.04437955201319225,0.0,-0.0217,0.108836
